hh_id,gender,mar_status,rel_rating,age,education,hh_income,empl_status,hh_internet
15863,1,1,1,51,12,14,1,1
15863,2,1,1,53,9,14,1,1
26344,1,1,1,57,11,15,1,1
26344,2,1,1,57,9,15,1,1
37563,1,1,1,60,12,14,1,1
37563,2,1,1,57,10,14,1,1
58896,1,1,1,62,9,10,2,1
58896,2,1,1,59,9,10,1,1
59813,1,1,2,53,10,17,7,1
59813,2,1,2,61,10,17,5,1
63056,1,1,2,34,12,16,3,1
63056,2,1,2,32,12,16,4,1
63244,1,1,1,54,12,14,6,1
63244,2,1,2,47,13,14,2,1
63406,1,1,2,47,11,13,1,1
63406,2,1,2,44,9,13,7,1
63529,1,1,1,52,13,17,1,1
63529,2,1,2,51,12,17,1,1
65188,1,1,1,58,10,18,5,1
65188,2,1,1,59,13,18,1,1
65773,1,1,2,48,14,16,1,1
65773,2,1,2,47,12,16,1,1
72603,1,1,1,55,9,12,1,1
72603,2,1,2,47,10,12,7,1
87916,1,1,2,52,12,12,4,1
87916,2,1,2,53,9,12,1,1
97025,1,1,2,27,9,11,1,1
97025,2,1,1,28,9,11,1,1
105493,1,1,1,45,12,16,1,1
105493,2,1,1,44,12,16,2,1
133491,1,1,1,58,14,16,1,1
133491,2,1,1,52,12,16,1,1
134703,1,1,1,59,11,19,1,1
134703,2,1,1,57,12,19,1,1
137223,1,1,1,57,13,16,1,1
137223,2,1,1,48,9,16,7,1
139937,1,1,2,44,9,12,1,0
139937,2,1,1,46,4,12,2,0
140209,1,1,1,39,12,15,1,1
140209,2,1,1,38,12,15,2,1
152928,1,1,1,48,9,14,1,1
152928,2,1,2,43,9,14,1,1
153775,1,1,2,50,11,16,1,1
153775,2,1,2,49,13,16,6,1
154150,1,1,2,44,12,14,1,1
154150,2,1,2,46,13,14,7,1
154227,1,1,2,62,12,14,5,1
154227,2,1,2,58,12,14,5,1
154782,1,1,2,41,11,14,1,1
154782,2,1,1,39,12,14,1,1
162804,1,2,1,58,11,11,6,1
162804,2,2,1,55,9,11,5,1
163951,1,1,1,30,9,8,1,1
163951,2,1,1,29,9,8,7,1
164540,1,1,2,44,12,15,1,1
164540,2,1,1,44,13,15,1,1
164595,1,1,1,49,11,13,2,1
164595,2,1,2,49,10,13,1,1
164867,1,2,1,40,10,18,1,1
164867,2,2,2,47,11,18,1,1
166000,1,1,1,46,9,11,1,1
166000,2,1,1,41,9,11,7,1
166227,1,1,1,32,11,19,1,1
166227,2,1,1,39,11,19,1,1
166643,1,1,1,54,13,13,1,1
166643,2,1,1,56,11,13,2,1
166829,1,1,2,53,9,16,4,1
166829,2,1,1,49,10,16,1,1
167035,1,1,1,42,10,14,1,1
167035,2,1,1,47,10,14,1,1
167110,1,1,1,56,12,9,1,1
167110,2,1,1,59,10,9,2,1
167260,1,1,1,53,13,15,1,1
167260,2,1,1,45,11,15,4,1
167904,1,1,1,53,12,12,1,1
167904,2,1,2,49,12,12,2,1
168050,1,1,2,57,10,19,1,1
168050,2,1,1,52,10,19,1,1
168105,1,1,4,34,10,16,1,1
168105,2,1,1,29,9,16,7,1
168204,1,1,2,64,9,13,2,1
168204,2,1,2,63,10,13,1,1
168280,1,2,1,56,10,13,1,1
168280,2,2,1,56,12,13,2,1
168284,1,1,1,46,9,12,6,1
168284,2,1,1,51,9,12,1,1
168622,1,1,1,58,10,13,5,1
168622,2,1,2,58,10,13,5,1
168726,1,1,1,50,9,13,1,1
168726,2,1,1,60,10,13,1,1
169115,1,1,2,56,9,4,6,1
169115,2,1,2,59,9,4,6,1
169597,1,1,1,49,9,17,1,1
169597,2,1,1,48,10,17,1,1
169871,1,1,1,52,12,17,1,1
169871,2,1,1,50,12,17,1,1
169872,1,1,2,33,12,17,1,1
169872,2,1,1,28,12,17,1,1
170309,1,2,1,55,10,11,1,1
170309,2,2,1,55,9,11,1,1
171320,1,1,1,61,10,14,1,1
171320,2,1,1,62,9,14,1,1
171326,1,1,2,57,10,13,1,1
171326,2,1,1,56,12,13,1,1
171644,1,2,4,41,10,17,1,1
171644,2,2,4,47,10,17,1,1
171725,1,2,1,27,11,14,1,1
171725,2,2,2,20,9,14,7,1
172062,1,1,1,59,13,13,1,0
172062,2,1,1,62,12,13,1,0
172862,1,1,2,61,10,14,1,1
172862,2,1,2,62,8,14,5,1
173873,1,1,4,51,10,10,6,1
173873,2,1,2,44,9,10,1,1
174187,1,1,1,49,9,14,1,1
174187,2,1,1,45,9,14,1,1
174238,1,1,1,55,12,17,1,1
174238,2,1,1,59,13,17,1,1
174810,1,1,2,35,9,11,3,1
174810,2,1,1,34,9,11,1,1
174914,1,1,2,53,9,14,1,1
174914,2,1,1,47,13,14,1,1
175613,1,1,2,36,10,15,1,1
175613,2,1,2,41,13,15,1,1
175864,1,1,2,40,9,11,1,1
175864,2,1,1,43,9,11,7,1
176438,1,1,1,38,9,13,1,1
176438,2,1,1,39,7,13,7,1
177059,1,2,2,47,9,16,1,1
177059,2,2,2,45,8,16,6,1
177262,1,1,1,42,10,15,1,1
177262,2,1,1,41,9,15,1,1
177584,1,1,1,49,9,13,1,1
177584,2,1,2,51,10,13,1,1
177849,1,1,2,59,11,16,1,1
177849,2,1,2,58,10,16,1,1
177938,1,1,2,53,12,16,1,1
177938,2,1,1,53,13,16,1,1
178321,1,1,1,44,9,15,1,1
178321,2,1,1,42,9,15,7,1
178785,1,1,1,34,11,14,1,1
178785,2,1,1,32,13,14,1,1
179077,1,1,2,40,4,15,1,1
179077,2,1,3,34,12,15,1,1
179159,1,1,1,53,10,15,1,1
179159,2,1,1,53,9,15,7,1
179190,1,1,1,41,11,15,1,1
179190,2,1,1,39,13,15,1,1
179365,1,1,1,55,11,19,1,1
179365,2,1,1,48,13,19,1,1
179551,1,2,1,57,10,14,6,1
179551,2,2,1,57,10,14,1,1
179868,1,1,2,37,13,13,1,1
179868,2,1,2,36,12,13,2,1
180031,1,1,1,56,10,7,1,1
180031,2,1,3,50,10,7,4,1
180416,1,2,2,44,10,14,1,1
180416,2,2,2,43,9,14,1,1
181408,1,2,1,30,12,11,4,1
181408,2,2,1,29,10,11,1,1
181950,1,1,1,63,12,14,5,1
181950,2,1,1,61,10,14,7,1
181964,1,1,1,44,12,16,1,1
181964,2,1,2,36,10,16,7,1
181987,1,2,1,45,9,7,6,1
181987,2,2,1,40,10,7,1,1
182800,1,1,1,34,10,16,1,1
182800,2,1,2,35,12,16,1,1
182896,1,2,1,48,10,15,2,1
182896,2,2,1,45,10,15,2,1
182991,1,1,1,39,12,16,1,1
182991,2,1,1,34,14,16,1,1
182995,1,1,4,38,13,15,1,1
182995,2,1,4,34,12,15,1,1
183244,1,1,2,51,4,13,1,1
183244,2,1,1,51,9,13,1,1
183842,1,1,1,42,11,13,1,1
183842,2,1,1,43,9,13,7,1
183969,1,1,1,58,10,15,2,1
183969,2,1,1,57,12,15,1,1
184000,1,1,1,61,14,18,5,1
184000,2,1,1,60,13,18,1,1
184105,1,1,1,59,12,13,6,1
184105,2,1,1,59,13,13,5,1
184427,1,1,1,41,13,19,1,1
184427,2,1,1,38,12,19,7,1
184529,1,1,1,37,14,19,1,1
184529,2,1,1,36,12,19,1,1
185312,1,1,4,39,12,15,1,1
185312,2,1,2,37,11,15,1,1
185557,1,1,1,46,10,18,2,1
185557,2,1,1,44,11,18,1,1
185770,1,1,1,61,14,16,2,1
185770,2,1,2,59,11,16,1,1
185853,1,1,1,55,11,16,1,1
185853,2,1,1,55,9,16,7,1
186442,1,1,1,59,9,16,1,1
186442,2,1,1,53,9,16,1,1
186939,1,1,1,35,9,12,1,1
186939,2,1,1,32,10,12,7,1
187780,1,1,1,27,10,13,1,1
187780,2,1,1,29,11,13,1,1
187965,1,2,1,61,13,14,7,1
187965,2,2,1,62,10,14,2,1
188243,1,1,1,54,11,12,2,1
188243,2,1,1,50,11,12,1,1
188427,1,1,1,63,7,11,1,1
188427,2,1,1,61,7,11,1,1
188746,1,1,1,49,9,16,1,1
188746,2,1,1,49,14,16,2,1
188878,1,1,1,55,9,11,2,1
188878,2,1,1,55,11,11,2,1
189157,1,1,1,52,12,19,1,1
189157,2,1,2,50,13,19,1,1
189311,1,1,1,53,9,8,6,1
189311,2,1,2,52,11,8,7,1
189902,1,1,1,56,11,12,1,1
189902,2,1,2,49,9,12,7,1
189931,1,1,1,50,13,16,1,1
189931,2,1,1,49,13,16,1,1
190049,1,1,1,56,9,12,1,1
190049,2,1,1,51,9,12,1,1
190195,1,1,1,54,12,16,1,1
190195,2,1,1,58,9,16,5,1
190221,1,1,2,51,9,14,4,1
190221,2,1,2,53,10,14,1,1
190278,1,1,3,44,9,11,2,1
190278,2,1,2,38,12,11,1,1
191102,1,1,1,42,11,14,1,1
191102,2,1,1,40,11,14,1,1
191225,1,1,2,44,9,16,1,1
191225,2,1,3,45,9,16,1,1
191494,1,1,1,54,11,13,1,1
191494,2,1,2,56,9,13,1,1
192533,1,1,2,43,12,14,2,1
192533,2,1,2,41,13,14,1,1
192621,1,1,2,36,10,14,1,1
192621,2,1,2,40,10,14,7,1
193301,1,1,1,53,13,18,1,1
193301,2,1,1,55,12,18,1,1
193486,1,1,2,40,9,12,1,1
193486,2,1,2,36,9,12,1,1
193767,1,1,1,52,10,15,1,1
193767,2,1,1,43,12,15,1,1
193806,1,1,4,40,10,8,1,1
193806,2,1,5,43,10,8,1,1
194355,1,1,1,56,12,16,1,1
194355,2,1,1,60,11,16,1,1
194688,1,1,1,52,10,3,6,1
194688,2,1,1,48,10,3,7,1
195317,1,1,5,37,9,12,4,1
195317,2,1,5,30,10,12,1,1
195960,1,1,1,40,12,13,1,1
195960,2,1,1,32,12,13,1,1
196408,1,1,1,30,10,9,1,1
196408,2,1,2,26,10,9,2,1
196527,1,1,1,35,10,13,1,1
196527,2,1,1,33,11,13,1,1
196742,1,1,2,42,11,8,4,1
196742,2,1,1,39,10,8,6,1
197354,1,1,1,55,10,13,1,1
197354,2,1,1,55,9,13,1,1
197478,1,1,2,39,9,15,1,1
197478,2,1,1,37,10,15,1,1
197697,1,1,1,46,12,16,1,1
197697,2,1,1,46,13,16,1,1
198142,1,1,1,49,9,15,1,1
198142,2,1,1,48,9,15,5,1
198203,1,1,1,55,9,14,1,1
198203,2,1,1,47,9,14,2,1
198458,1,1,1,55,10,12,1,1
198458,2,1,1,49,12,12,4,1
198538,1,1,1,38,9,13,2,1
198538,2,1,2,34,9,13,7,1
199270,1,1,3,43,9,10,1,1
199270,2,1,3,39,4,10,4,1
199677,1,1,1,42,12,12,1,1
199677,2,1,1,32,12,12,1,1
200184,1,1,1,33,12,15,1,1
200184,2,1,2,31,12,15,7,1
200308,1,1,2,54,12,12,1,1
200308,2,1,1,52,10,12,1,1
201853,1,1,1,56,13,7,4,1
201853,2,1,1,54,12,7,4,1
201947,1,1,1,60,9,17,5,1
201947,2,1,3,55,12,17,1,1
202717,1,1,1,46,9,12,1,1
202717,2,1,2,46,10,12,1,1
203062,1,1,1,26,12,12,1,1
203062,2,1,1,25,10,12,1,1
203460,1,1,1,46,10,12,4,1
203460,2,1,2,49,10,12,7,1
203939,1,1,1,54,13,17,5,1
203939,2,1,1,54,11,17,1,1
204009,1,1,2,47,10,17,1,1
204009,2,1,1,53,12,17,1,1
204164,1,1,1,46,12,16,1,1
204164,2,1,2,47,13,16,1,1
204550,1,1,1,53,9,13,1,1
204550,2,1,2,53,9,13,7,1
205172,1,2,2,59,12,9,6,0
205172,2,2,1,54,9,9,3,0
205447,1,1,4,58,12,12,1,1
205447,2,1,2,57,12,12,1,1
205574,1,1,2,38,12,15,1,1
205574,2,1,1,31,11,15,7,1
205697,1,1,1,43,9,14,1,1
205697,2,1,1,37,11,14,7,1
206544,1,1,1,63,11,12,2,1
206544,2,1,1,61,11,12,5,1
206905,1,2,1,53,11,12,1,1
206905,2,2,2,49,12,12,4,1
209180,1,1,1,29,10,14,1,1
209180,2,1,2,23,10,14,1,1
209283,1,1,1,60,13,14,1,1
209283,2,1,1,62,10,14,7,1
209377,1,1,2,39,10,16,1,1
209377,2,1,1,41,10,16,1,1
209621,1,1,2,44,7,13,1,1
209621,2,1,2,39,8,13,1,1
209847,1,1,1,51,13,14,1,0
209847,2,1,1,51,10,14,7,0
210084,1,1,1,31,11,16,1,1
210084,2,1,1,30,12,16,2,1
210229,1,1,1,51,9,12,1,1
210229,2,1,1,54,9,12,7,1
211394,1,1,1,40,12,15,1,1
211394,2,1,2,42,12,15,7,1
213865,1,1,2,56,9,7,6,1
213865,2,1,3,57,9,7,2,1
214286,1,1,1,45,12,16,1,1
214286,2,1,1,45,12,16,1,1
214516,1,1,2,44,9,17,1,1
214516,2,1,2,45,9,17,7,1
214854,1,1,1,53,9,14,1,1
214854,2,1,1,52,11,14,1,1
215996,1,2,1,42,10,11,1,1
215996,2,2,2,38,11,11,4,1
216450,1,1,2,29,11,13,1,1
216450,2,1,2,30,12,13,1,1
216473,1,1,1,55,9,5,1,1
216473,2,1,2,63,9,5,1,1
216539,1,1,1,49,9,7,3,1
216539,2,1,1,45,11,7,7,1
216593,1,1,1,49,10,13,1,1
216593,2,1,2,49,11,13,7,1
216790,1,1,1,57,9,11,1,1
216790,2,1,1,56,9,11,5,1
216844,1,1,1,39,9,16,6,1
216844,2,1,1,34,13,16,1,1
216892,1,1,2,56,10,9,2,1
216892,2,1,2,55,10,9,1,1
217459,1,1,1,60,10,12,1,1
217459,2,1,1,60,10,12,1,1
217524,1,1,2,52,9,16,2,1
217524,2,1,1,46,9,16,1,1
217740,1,1,2,39,13,11,1,1
217740,2,1,2,42,12,11,7,1
218148,1,1,1,28,12,13,1,1
218148,2,1,2,27,10,13,2,1
218250,1,1,1,57,12,16,5,1
218250,2,1,2,63,14,16,1,1
219344,1,1,1,56,9,16,6,1
219344,2,1,2,48,11,16,1,1
220062,1,2,1,55,10,17,2,1
220062,2,2,1,54,9,17,1,1
220355,1,1,1,48,10,11,6,0
220355,2,1,1,55,9,11,6,0
220459,1,1,1,62,12,8,1,0
220459,2,1,1,58,10,8,7,0
221010,1,1,2,35,13,14,1,1
221010,2,1,1,34,12,14,7,1
221018,1,1,2,38,11,13,1,1
221018,2,1,1,38,14,13,7,1
221851,1,1,1,36,9,15,1,1
221851,2,1,1,37,10,15,1,1
221929,1,1,3,40,13,18,1,1
221929,2,1,1,41,12,18,1,1
222183,1,1,1,57,12,15,1,1
222183,2,1,1,55,12,15,1,1
222477,1,1,1,43,13,16,1,1
222477,2,1,1,42,13,16,7,1
223232,1,1,1,29,10,7,7,1
223232,2,1,1,30,12,7,7,1
223921,1,1,1,55,11,13,1,1
223921,2,1,1,55,9,13,1,1
224100,1,1,1,61,11,16,2,1
224100,2,1,1,59,10,16,1,1
224269,1,1,1,60,9,18,5,1
224269,2,1,1,63,9,18,3,1
224476,1,1,1,48,12,12,1,0
224476,2,1,1,48,12,12,7,0
225190,1,1,1,40,14,12,1,1
225190,2,1,1,38,14,12,7,1
225859,1,1,1,51,10,13,1,1
225859,2,1,1,59,11,13,5,1
226197,1,1,2,58,9,14,1,1
226197,2,1,2,56,10,14,6,1
227344,1,1,2,32,12,15,1,1
227344,2,1,1,29,12,15,4,1
227716,1,1,2,53,10,7,6,1
227716,2,1,2,51,7,7,7,1
228143,1,1,1,54,13,19,1,1
228143,2,1,1,52,10,19,1,1
229780,1,1,1,41,9,8,6,1
229780,2,1,2,43,10,8,1,1
230210,1,1,1,31,11,16,1,1
230210,2,1,1,31,11,16,1,1
230557,1,1,2,40,5,12,1,1
230557,2,1,2,48,10,12,7,1
230844,1,1,2,63,4,5,7,1
230844,2,1,2,61,9,5,6,1
231016,1,1,2,48,9,11,3,1
231016,2,1,2,48,10,11,1,1
231336,1,1,2,60,7,7,3,0
231336,2,1,1,53,9,7,6,0
231415,1,1,1,38,11,14,1,1
231415,2,1,2,38,12,14,2,1
231749,1,1,4,51,12,11,2,1
231749,2,1,4,48,11,11,2,1
231903,1,1,1,64,10,15,5,1
231903,2,1,1,58,10,15,7,1
232695,1,1,2,43,10,14,2,1
232695,2,1,2,41,11,14,1,1
232922,1,1,2,35,12,8,3,1
232922,2,1,2,35,12,8,4,1
233724,1,1,1,58,13,16,5,1
233724,2,1,1,54,12,16,5,1
233753,1,1,1,55,14,14,1,1
233753,2,1,1,46,12,14,7,1
233874,1,1,2,58,12,18,1,1
233874,2,1,1,55,9,18,1,1
234395,1,1,1,37,13,19,1,1
234395,2,1,1,34,12,19,1,1
234684,1,1,1,43,11,11,1,0
234684,2,1,1,38,3,11,7,0
236300,1,1,1,54,10,6,6,1
236300,2,1,1,45,6,6,1,1
236376,1,1,1,54,12,15,1,1
236376,2,1,1,53,12,15,7,1
236982,1,2,5,62,10,12,1,1
236982,2,2,2,58,11,12,1,1
237105,1,2,4,27,9,14,4,1
237105,2,2,5,29,10,14,1,1
237302,1,1,1,53,9,6,6,1
237302,2,1,1,57,9,6,1,1
237367,1,1,1,62,12,13,2,1
237367,2,1,1,62,11,13,1,1
237524,1,1,1,37,13,15,1,1
237524,2,1,2,38,10,15,7,1
237551,1,1,1,57,2,4,6,1
237551,2,1,2,53,9,4,6,1
238231,1,1,1,33,13,16,1,1
238231,2,1,2,31,12,16,7,1
238407,1,1,1,33,13,11,7,1
238407,2,1,1,30,14,11,1,1
238763,1,1,2,39,9,8,1,1
238763,2,1,2,38,10,8,1,1
239038,1,1,1,53,9,13,1,1
239038,2,1,1,49,9,13,2,1
239180,1,1,1,43,13,17,1,1
239180,2,1,2,40,12,17,1,1
239357,1,2,2,55,6,7,1,0
239357,2,2,2,47,9,7,7,0
239615,1,1,1,39,14,19,1,1
239615,2,1,1,38,12,19,1,1
239760,1,1,1,53,12,14,1,1
239760,2,1,1,54,13,14,1,1
240303,1,1,2,31,12,11,1,1
240303,2,1,2,30,9,11,1,1
240335,1,1,1,39,12,15,1,1
240335,2,1,1,38,11,15,7,1
240656,1,1,1,43,9,16,2,1
240656,2,1,1,44,9,16,7,1
240825,1,1,1,57,10,15,1,1
240825,2,1,1,55,9,15,7,1
242812,1,1,2,46,10,18,1,1
242812,2,1,1,51,13,18,1,1
242993,1,1,2,54,9,14,1,1
242993,2,1,2,54,9,14,2,1
243121,1,2,1,33,12,15,1,1
243121,2,2,1,32,11,15,1,1
243251,1,2,3,52,9,8,1,0
243251,2,2,3,53,9,8,1,0
243373,1,1,2,63,13,16,5,1
243373,2,1,2,63,13,16,5,1
243424,1,1,2,40,12,14,1,1
243424,2,1,1,36,10,14,7,1
244136,1,1,1,60,13,15,1,1
244136,2,1,1,56,12,15,7,1
244168,1,1,1,52,11,16,1,1
244168,2,1,1,52,13,16,1,1
244730,1,1,1,45,9,15,1,1
244730,2,1,1,43,12,15,7,1
244815,1,1,1,56,13,17,1,1
244815,2,1,1,57,10,17,2,1
245045,1,1,1,47,9,7,2,1
245045,2,1,1,38,9,7,2,1
245120,1,1,2,46,9,16,2,1
245120,2,1,1,43,9,16,7,1
245550,1,2,3,43,9,7,2,1
245550,2,2,3,40,9,7,6,1
245833,1,1,1,55,10,15,2,1
245833,2,1,2,55,9,15,1,1
245906,1,1,1,61,5,6,6,1
245906,2,1,1,55,9,6,6,1
246101,1,1,2,53,10,19,1,1
246101,2,1,1,44,13,19,1,1
246429,1,1,1,33,11,15,1,1
246429,2,1,1,28,10,15,1,1
246454,1,1,1,43,11,17,1,1
246454,2,1,1,43,13,17,1,1
246577,1,1,3,41,12,12,1,1
246577,2,1,1,39,12,12,6,1
247460,1,1,1,41,10,15,1,1
247460,2,1,2,34,11,15,7,1
247832,1,1,1,34,10,15,1,1
247832,2,1,2,34,12,15,1,1
247927,1,1,1,57,12,18,5,1
247927,2,1,1,52,10,18,7,1
248076,1,2,1,47,13,10,2,1
248076,2,2,1,42,12,10,2,1
248554,1,1,1,55,13,19,2,1
248554,2,1,1,51,11,19,1,1
248890,1,1,1,44,12,17,2,1
248890,2,1,2,34,11,17,2,1
249065,1,1,2,39,12,13,1,1
249065,2,1,1,37,12,13,1,1
249109,1,2,2,51,9,13,1,1
249109,2,2,1,53,11,13,1,1
249150,1,1,1,38,10,15,2,1
249150,2,1,2,31,9,15,6,1
249268,1,1,2,48,9,13,1,1
249268,2,1,2,48,10,13,1,1
249544,1,1,2,48,13,18,1,1
249544,2,1,2,38,12,18,1,1
249592,1,1,1,51,13,17,1,1
249592,2,1,1,51,13,17,1,1
249596,1,1,1,53,9,12,2,1
249596,2,1,1,48,9,12,1,1
249696,1,1,1,58,10,16,2,1
249696,2,1,1,56,13,16,1,1
249963,1,1,1,45,9,16,1,1
249963,2,1,1,46,9,16,1,1
250026,1,2,2,62,13,19,1,1
250026,2,2,2,52,13,19,1,1
250159,1,1,2,42,13,17,1,1
250159,2,1,1,41,12,17,1,1
250622,1,1,2,63,13,13,5,1
250622,2,1,2,64,13,13,5,1
250743,1,1,1,51,9,12,4,1
250743,2,1,1,55,11,12,4,1
251097,1,1,1,60,9,8,1,1
251097,2,1,1,59,10,8,1,1
251132,1,1,1,64,14,19,1,1
251132,2,1,1,60,11,19,1,1
251697,1,1,2,57,11,3,5,1
251697,2,1,4,53,9,3,5,1
251742,1,1,1,63,9,12,5,1
251742,2,1,2,63,9,12,5,1
251795,1,2,2,21,8,14,2,1
251795,2,2,2,19,10,14,3,1
251907,1,1,2,53,9,8,6,1
251907,2,1,2,43,12,8,1,1
251917,1,1,2,45,9,13,2,1
251917,2,1,1,41,10,13,1,1
252305,1,1,1,39,12,15,1,1
252305,2,1,1,38,13,15,1,1
252419,1,1,1,49,12,13,1,1
252419,2,1,1,50,12,13,7,1
252958,1,1,1,37,13,14,1,1
252958,2,1,1,33,13,14,1,1
253670,1,1,1,52,10,13,2,1
253670,2,1,2,52,10,13,1,1
253768,1,1,1,47,12,13,1,0
253768,2,1,1,51,10,13,2,0
253897,1,1,3,57,9,7,6,1
253897,2,1,5,48,6,7,4,1
254533,1,1,1,61,9,13,1,1
254533,2,1,1,55,9,13,7,1
254632,1,1,2,59,11,18,1,1
254632,2,1,2,60,11,18,1,1
254669,1,1,1,48,12,16,4,1
254669,2,1,1,42,12,16,1,1
254768,1,1,1,42,9,13,1,1
254768,2,1,1,40,14,13,1,1
254817,1,2,2,55,10,13,4,1
254817,2,2,2,54,10,13,4,1
255022,1,1,1,53,13,14,1,1
255022,2,1,1,52,10,14,1,1
255084,1,1,2,32,12,15,1,1
255084,2,1,1,31,12,15,7,1
255335,1,1,2,61,10,13,5,0
255335,2,1,1,60,10,13,5,0
255773,1,1,1,59,12,13,1,1
255773,2,1,1,57,12,13,2,1
256486,1,1,2,62,13,15,5,1
256486,2,1,1,57,11,15,1,1
257039,1,1,1,35,9,12,1,1
257039,2,1,1,44,9,12,1,1
257223,1,1,2,39,14,17,1,1
257223,2,1,1,34,13,17,1,1
257377,1,1,1,54,9,16,1,1
257377,2,1,1,52,12,16,1,1
257920,1,1,1,58,9,19,1,1
257920,2,1,1,55,11,19,1,1
258517,1,1,1,41,10,11,1,1
258517,2,1,1,35,10,11,1,1
260913,1,1,1,62,11,13,5,1
260913,2,1,1,62,9,13,1,1
260950,1,1,1,53,9,14,1,1
260950,2,1,1,52,12,14,1,1
261544,1,1,1,51,10,14,6,1
261544,2,1,1,45,9,14,1,1
261784,1,1,1,55,11,12,1,1
261784,2,1,1,48,10,12,7,1
262129,1,1,1,34,11,13,1,1
262129,2,1,1,31,10,13,1,1
262157,1,1,1,53,9,13,2,1
262157,2,1,2,54,10,13,7,1
262555,1,1,2,36,12,16,1,1
262555,2,1,1,31,12,16,1,1
263382,1,1,1,57,9,11,1,0
263382,2,1,1,62,12,11,5,0
263484,1,1,1,43,13,16,1,1
263484,2,1,1,39,12,16,1,1
263564,1,1,1,51,10,16,1,1
263564,2,1,1,49,10,16,4,1
263946,1,2,1,62,10,14,7,1
263946,2,2,1,62,12,14,5,1
264209,1,1,1,55,9,16,1,1
264209,2,1,1,54,10,16,1,1
264939,1,2,1,51,10,18,2,1
264939,2,2,1,47,10,18,2,1
265887,1,1,1,32,12,10,1,1
265887,2,1,1,31,10,10,1,1
266139,1,1,1,51,9,15,1,1
266139,2,1,1,60,10,15,1,1
266297,1,1,2,37,9,14,1,1
266297,2,1,1,38,10,14,1,1
266731,1,1,1,51,8,17,1,1
266731,2,1,4,44,9,17,1,1
267089,1,1,2,52,12,14,2,1
267089,2,1,1,52,10,14,1,1
267212,1,1,1,54,10,5,2,0
267212,2,1,1,52,10,5,2,0
267351,1,1,1,53,8,10,1,1
267351,2,1,1,59,9,10,6,1
268050,1,1,1,52,9,15,1,1
268050,2,1,1,44,9,15,1,1
268648,1,1,1,38,10,13,2,1
268648,2,1,1,38,12,13,1,1
268721,1,1,2,55,5,6,4,1
268721,2,1,2,51,11,6,6,1
268801,1,1,1,28,11,14,1,1
268801,2,1,1,27,12,14,1,1
268857,1,1,1,53,9,15,1,1
268857,2,1,1,58,10,15,1,1
269114,1,2,1,63,14,19,1,1
269114,2,2,2,54,10,19,1,1
269115,1,2,1,43,7,14,1,1
269115,2,2,3,45,10,14,1,1
270008,1,1,1,37,12,18,1,1
270008,2,1,2,38,13,18,1,1
270190,1,1,1,35,12,13,1,1
270190,2,1,1,34,12,13,3,1
270287,1,1,1,39,9,11,2,1
270287,2,1,1,39,5,11,4,1
270513,1,2,2,50,12,16,1,1
270513,2,2,2,50,12,16,1,1
270887,1,1,1,59,9,16,5,1
270887,2,1,1,53,12,16,1,1
271080,1,1,1,36,9,13,2,1
271080,2,1,4,36,9,13,1,1
271092,1,1,1,53,10,15,1,1
271092,2,1,1,49,10,15,1,1
271267,1,1,1,35,12,13,1,1
271267,2,1,1,33,12,13,7,1
271573,1,1,1,45,9,15,3,1
271573,2,1,1,46,11,15,1,1
271631,1,1,2,53,12,13,2,1
271631,2,1,2,49,14,13,1,1
272271,1,1,1,45,13,15,2,1
272271,2,1,1,46,13,15,2,1
272387,1,1,2,47,12,19,1,1
272387,2,1,2,44,12,19,1,1
272983,1,2,1,60,12,16,5,1
272983,2,2,1,56,10,16,1,1
273108,1,1,1,42,13,9,1,1
273108,2,1,1,39,13,9,2,1
273526,1,1,1,52,13,13,1,1
273526,2,1,1,52,10,13,1,1
273986,1,1,1,53,11,15,1,1
273986,2,1,1,62,10,15,5,1
274126,1,1,2,45,12,17,1,1
274126,2,1,2,44,12,17,1,1
274348,1,2,2,31,9,10,1,1
274348,2,2,4,34,8,10,2,1
274371,1,1,1,57,12,13,1,1
274371,2,1,1,54,10,13,1,1
274736,1,1,1,31,12,14,1,1
274736,2,1,1,32,10,14,7,1
275546,1,1,1,52,9,17,3,1
275546,2,1,2,43,14,17,1,1
275550,1,1,1,60,12,17,1,1
275550,2,1,1,60,10,17,1,1
275736,1,2,1,27,9,13,1,1
275736,2,2,1,24,12,13,4,1
275780,1,1,1,50,10,13,1,1
275780,2,1,1,48,8,13,1,1
275783,1,1,1,27,10,10,1,1
275783,2,1,2,36,11,10,1,1
276399,1,1,1,41,13,19,1,1
276399,2,1,1,35,12,19,1,1
276633,1,1,2,55,10,16,1,1
276633,2,1,1,57,10,16,4,1
277033,1,1,1,63,9,17,1,1
277033,2,1,2,61,13,17,1,1
277382,1,1,1,44,9,12,2,1
277382,2,1,1,44,9,12,7,1
277510,1,1,1,61,13,16,6,1
277510,2,1,1,59,13,16,5,1
277757,1,1,1,46,9,10,1,0
277757,2,1,1,47,10,10,1,0
277838,1,2,1,43,9,8,1,1
277838,2,2,2,39,9,8,1,1
277938,1,1,1,58,10,16,1,1
277938,2,1,1,49,10,16,1,1
278176,1,1,1,42,13,15,1,1
278176,2,1,1,39,10,15,7,1
278655,1,1,2,51,10,16,1,1
278655,2,1,1,46,12,16,1,1
278679,1,1,1,53,13,19,1,1
278679,2,1,1,52,13,19,1,1
279063,1,1,1,40,9,8,4,1
279063,2,1,1,37,9,8,7,1
279329,1,1,1,61,10,17,1,1
279329,2,1,1,62,13,17,5,1
279534,1,1,1,32,13,12,1,1
279534,2,1,2,28,10,12,7,1
279617,1,1,2,58,11,6,2,0
279617,2,1,2,60,10,6,7,0
279751,1,1,1,44,9,16,1,1
279751,2,1,1,40,9,16,1,1
280175,1,1,1,45,9,13,6,1
280175,2,1,3,39,9,13,1,1
280319,1,1,2,61,10,13,1,1
280319,2,1,2,59,12,13,1,1
280610,1,1,1,55,9,15,1,1
280610,2,1,1,54,9,15,1,1
280676,1,1,1,55,9,13,1,1
280676,2,1,1,46,12,13,1,1
281197,1,1,2,31,10,11,1,1
281197,2,1,2,34,11,11,7,1
281419,1,1,1,26,14,11,1,1
281419,2,1,1,26,12,11,7,1
281489,1,1,1,51,10,16,1,1
281489,2,1,1,44,11,16,1,1
282032,1,1,1,58,12,13,1,1
282032,2,1,1,55,12,13,5,1
282669,1,2,4,49,10,7,1,1
282669,2,2,2,48,10,7,4,1
283191,1,1,1,59,14,15,1,1
283191,2,1,1,55,13,15,1,1
283632,1,1,2,64,9,11,1,1
283632,2,1,2,58,10,11,1,1
283656,1,1,1,47,12,17,1,1
283656,2,1,2,47,12,17,1,1
283922,1,1,1,49,9,17,7,1
283922,2,1,1,45,11,17,1,1
284951,1,1,1,30,10,11,1,1
284951,2,1,1,27,7,11,1,1
285116,1,1,1,49,12,17,1,1
285116,2,1,1,50,12,17,7,1
285574,1,1,1,35,12,8,4,1
285574,2,1,3,34,13,8,1,1
285857,1,1,1,59,10,14,1,1
285857,2,1,1,59,10,14,1,1
286583,1,1,1,42,14,16,1,1
286583,2,1,1,46,13,16,1,1
286879,1,1,2,37,9,6,7,1
286879,2,1,2,36,10,6,6,1
287305,1,1,2,41,12,11,1,1
287305,2,1,1,37,13,11,7,1
287318,1,1,4,41,10,12,4,1
287318,2,1,5,37,10,12,1,1
288279,1,1,1,62,10,16,1,1
288279,2,1,1,61,13,16,1,1
288444,1,1,1,24,12,12,1,1
288444,2,1,1,24,10,12,7,1
288517,1,1,1,35,14,11,1,1
288517,2,1,2,29,13,11,4,1
288530,1,2,2,54,10,13,4,1
288530,2,2,1,53,13,13,1,1
289061,1,1,1,48,13,18,1,1
289061,2,1,1,53,12,18,1,1
289248,1,1,1,40,12,17,1,1
289248,2,1,2,32,12,17,1,1
290273,1,1,4,62,12,10,6,1
290273,2,1,5,56,12,10,4,1
290409,1,1,1,60,9,14,5,1
290409,2,1,1,60,9,14,5,1
290685,1,1,1,42,9,14,1,1
290685,2,1,1,45,9,14,1,1
291094,1,1,1,32,14,12,1,1
291094,2,1,1,31,12,12,2,1
291409,1,1,1,42,12,17,1,1
291409,2,1,1,40,12,17,1,1
291506,1,1,1,43,9,15,1,1
291506,2,1,1,41,10,15,1,1
291746,1,1,1,59,9,13,1,1
291746,2,1,1,57,4,13,1,1
291964,1,2,2,33,10,6,4,1
291964,2,2,2,31,11,6,6,1
293052,1,1,1,25,12,12,1,1
293052,2,1,1,21,10,12,7,1
293127,1,2,3,30,12,17,1,1
293127,2,2,2,29,12,17,1,1
293373,1,1,4,55,9,15,1,1
293373,2,1,1,53,11,15,1,1
294100,1,1,1,31,5,4,1,1
294100,2,1,3,32,6,4,7,1
294264,1,1,1,32,9,13,1,1
294264,2,1,1,30,13,13,1,1
294312,1,1,1,41,7,11,1,1
294312,2,1,2,40,10,11,1,1
294634,1,1,1,35,10,14,1,1
294634,2,1,1,33,13,14,1,1
294738,1,1,4,62,10,13,1,1
294738,2,1,5,52,10,13,7,1
294963,1,1,4,60,10,17,1,1
294963,2,1,4,58,10,17,1,1
295515,1,1,1,61,12,19,1,1
295515,2,1,1,63,13,19,5,1
295906,1,1,1,36,9,12,1,1
295906,2,1,2,31,12,12,7,1
297110,1,2,1,51,10,14,2,1
297110,2,2,1,53,12,14,2,1
297385,1,1,1,52,10,14,1,1
297385,2,1,1,48,10,14,1,1
298368,1,1,1,33,12,16,1,1
298368,2,1,1,29,10,16,1,1
299268,1,1,2,40,11,14,1,1
299268,2,1,1,40,11,14,1,1
299287,1,2,2,60,12,13,2,1
299287,2,2,1,52,10,13,2,1
299888,1,1,1,50,10,13,1,1
299888,2,1,1,50,9,13,1,1
299966,1,1,1,41,12,18,1,1
299966,2,1,1,35,14,18,1,1
300614,1,1,2,46,9,13,1,1
300614,2,1,2,45,9,13,1,1
300755,1,1,1,37,4,19,6,1
300755,2,1,1,46,6,19,6,1
301430,1,1,1,63,12,13,5,1
301430,2,1,1,64,10,13,5,1
301756,1,1,1,63,14,16,1,1
301756,2,1,1,63,12,16,1,1
302790,1,1,1,36,13,16,1,1
302790,2,1,1,32,13,16,1,1
303240,1,1,1,64,9,11,5,1
303240,2,1,2,63,10,11,5,1
303416,1,1,1,23,9,9,1,1
303416,2,1,1,24,9,9,7,1
303625,1,1,1,30,12,14,2,1
303625,2,1,1,30,14,14,1,1
303757,1,1,1,48,13,16,1,1
303757,2,1,1,48,12,16,7,1
303830,1,1,1,30,12,13,1,1
303830,2,1,1,27,12,13,1,1
303895,1,1,1,54,13,16,1,1
303895,2,1,1,55,13,16,1,1
304112,1,1,2,61,12,12,5,1
304112,2,1,1,61,12,12,5,1
304372,1,1,2,39,12,15,1,1
304372,2,1,1,36,13,15,7,1
304440,1,1,2,55,9,17,5,1
304440,2,1,2,52,12,17,1,1
304719,1,1,1,43,12,11,1,1
304719,2,1,2,43,12,11,7,1
304770,1,1,1,44,9,17,1,1
304770,2,1,1,42,9,17,1,1
305840,1,1,1,33,9,15,2,1
305840,2,1,1,32,9,15,7,1
306095,1,1,1,41,10,15,1,1
306095,2,1,1,39,12,15,1,1
306215,1,1,1,48,12,17,2,1
306215,2,1,1,58,9,17,2,1
306333,1,1,1,60,10,16,5,1
306333,2,1,1,54,10,16,5,1
306426,1,1,1,27,9,5,1,1
306426,2,1,2,27,9,5,7,1
306673,1,1,1,56,12,17,5,1
306673,2,1,1,57,10,17,1,1
306869,1,1,1,53,9,12,1,0
306869,2,1,1,46,9,12,1,0
306982,1,1,1,44,9,18,1,1
306982,2,1,1,39,14,18,2,1
307648,1,1,1,40,9,13,1,0
307648,2,1,2,35,9,13,7,0
308473,1,1,2,48,12,11,4,1
308473,2,1,1,40,12,11,7,1
308531,1,1,1,25,12,14,7,1
308531,2,1,2,26,12,14,1,1
308902,1,1,1,55,13,19,1,1
308902,2,1,2,54,13,19,1,1
309078,1,1,1,32,9,10,1,1
309078,2,1,1,27,9,10,7,1
309162,1,1,3,45,7,12,1,1
309162,2,1,2,43,10,12,1,1
309534,1,2,2,38,9,6,1,1
309534,2,2,2,31,12,6,4,1
309558,1,1,1,40,12,15,1,1
309558,2,1,2,38,13,15,7,1
310764,1,1,1,54,9,12,1,1
310764,2,1,1,55,9,12,2,1
311317,1,1,1,58,10,11,2,1
311317,2,1,1,55,14,11,1,1
311469,1,1,4,44,7,10,6,1
311469,2,1,5,45,9,10,4,1
311746,1,1,3,44,11,14,1,1
311746,2,1,1,40,9,14,1,1
311930,1,1,1,29,10,13,1,1
311930,2,1,1,25,12,13,7,1
314020,1,1,1,50,10,19,2,1
314020,2,1,2,49,12,19,1,1
314716,1,1,1,42,12,17,1,1
314716,2,1,1,43,13,17,1,1
315524,1,1,3,56,10,15,1,1
315524,2,1,3,54,9,15,7,1
315895,1,1,1,42,12,18,1,1
315895,2,1,1,40,11,18,1,1
316705,1,1,1,43,12,12,1,1
316705,2,1,1,36,12,12,7,1
316784,1,1,1,38,14,16,2,1
316784,2,1,1,38,13,16,7,1
317625,1,1,1,39,12,16,1,1
317625,2,1,1,33,12,16,1,1
318089,1,1,2,29,10,19,2,1
318089,2,1,2,28,10,19,2,1
318352,1,1,1,28,9,12,1,1
318352,2,1,1,29,9,12,1,1
318430,1,1,1,54,12,19,1,1
318430,2,1,1,52,12,19,1,1
319007,1,1,1,62,10,14,2,1
319007,2,1,1,61,9,14,4,1
319191,1,1,1,29,12,14,1,1
319191,2,1,1,29,12,14,1,1
320869,1,1,1,27,10,16,1,1
320869,2,1,1,27,13,16,1,1
321498,1,1,2,49,9,14,2,1
321498,2,1,2,44,12,14,1,1
322494,1,2,1,42,6,4,6,1
322494,2,2,1,32,6,4,6,1
322957,1,1,1,30,12,14,1,1
322957,2,1,1,28,12,14,2,1
323150,1,1,1,38,10,14,1,1
323150,2,1,1,35,10,14,1,1
323250,1,1,1,36,10,14,1,1
323250,2,1,1,36,10,14,1,1
323254,1,1,1,37,9,14,1,1
323254,2,1,2,36,12,14,7,1
323534,1,1,1,28,12,7,1,1
323534,2,1,1,27,12,7,7,1
323538,1,1,1,57,12,17,2,1
323538,2,1,1,56,9,17,1,1
324265,1,1,2,55,13,16,5,1
324265,2,1,1,56,12,16,5,1
324805,1,1,1,30,10,11,1,1
324805,2,1,1,29,12,11,1,1
326170,1,1,2,47,9,15,1,1
326170,2,1,2,56,9,15,7,1
326455,1,2,4,61,10,4,6,1
326455,2,2,4,55,11,4,2,1
326660,1,1,1,27,9,9,1,1
326660,2,1,1,29,11,9,1,1
326930,1,1,1,44,10,13,1,1
326930,2,1,1,50,10,13,1,1
327250,1,1,1,57,12,17,1,1
327250,2,1,1,54,12,17,1,1
327281,1,1,1,38,13,18,1,1
327281,2,1,1,36,13,18,1,1
327322,1,1,1,58,9,11,1,1
327322,2,1,1,56,9,11,6,1
327820,1,1,1,43,12,18,1,1
327820,2,1,1,43,12,18,4,1
327837,1,1,1,40,12,11,1,1
327837,2,1,2,40,12,11,1,1
327973,1,1,1,30,12,16,1,1
327973,2,1,1,30,11,16,1,1
328008,1,1,1,54,9,14,1,1
328008,2,1,1,56,2,14,2,1
328096,1,1,1,24,11,8,1,1
328096,2,1,1,23,10,8,1,1
328138,1,1,1,63,12,14,1,1
328138,2,1,1,64,10,14,5,1
328156,1,1,1,27,12,11,1,1
328156,2,1,2,27,12,11,1,1
328296,1,1,2,57,13,14,1,1
328296,2,1,2,55,13,14,7,1
329010,1,1,2,39,12,14,1,1
329010,2,1,1,36,12,14,7,1
329541,1,1,1,56,12,18,1,1
329541,2,1,1,53,12,18,5,1
329650,1,1,1,47,7,8,1,1
329650,2,1,2,44,10,8,4,1
329793,1,1,1,52,10,14,2,1
329793,2,1,1,52,13,14,1,1
329903,1,1,1,57,8,11,1,1
329903,2,1,1,58,7,11,5,1
329915,1,1,5,62,9,10,5,1
329915,2,1,5,59,10,10,4,1
330138,1,1,1,41,13,17,1,1
330138,2,1,1,35,13,17,2,1
330248,1,1,1,51,13,13,1,1
330248,2,1,1,55,13,13,4,1
330279,1,1,1,55,13,16,1,1
330279,2,1,2,54,13,16,2,1
330340,1,2,2,51,14,8,4,0
330340,2,2,2,50,9,8,1,0
330466,1,1,1,35,12,14,1,1
330466,2,1,2,30,11,14,1,1
330563,1,1,1,36,10,12,1,1
330563,2,1,1,37,12,12,7,1
330660,1,1,3,58,12,18,1,1
330776,2,2,1,51,10,2,6,1
330895,1,1,1,45,12,16,1,1
330895,2,1,1,40,12,16,1,1
331085,1,1,2,38,12,10,1,1
331085,2,1,3,32,8,10,7,1
331223,1,1,1,31,14,16,2,1
331223,2,1,2,27,11,16,7,1
331463,1,1,1,33,12,16,1,1
331463,2,1,1,33,11,16,1,1
331493,1,1,2,56,9,12,3,1
331493,2,1,3,52,11,12,1,1
331561,1,1,4,27,11,9,1,1
331561,2,1,4,29,12,9,1,1
331590,1,1,1,58,13,12,1,1
331590,2,1,1,50,9,12,4,1
331643,1,1,1,34,10,7,6,1
331643,2,1,1,32,10,7,1,1
331671,1,1,1,36,12,13,1,1
331671,2,1,1,33,12,13,7,1
331679,1,2,1,61,10,14,1,1
331679,2,2,1,59,10,14,1,1
331770,1,1,1,38,9,15,1,1
331770,2,1,1,41,12,15,7,1
331910,1,2,2,33,11,7,1,1
331910,2,2,2,33,12,7,1,1
332742,1,1,1,48,4,11,1,1
332742,2,1,1,46,9,11,1,1
333454,1,1,1,62,9,11,6,1
333454,2,1,2,59,9,11,7,1
333460,1,2,2,49,13,19,1,1
333460,2,2,2,39,12,19,1,1
333632,1,1,1,54,12,18,1,1
333632,2,1,1,55,13,18,1,1
333929,1,1,1,40,9,12,1,1
333929,2,1,2,40,9,12,3,1
334416,1,1,1,36,11,14,1,1
334416,2,1,1,30,11,14,7,1
334617,1,1,1,51,12,15,2,1
334617,2,1,1,46,9,15,1,1
335217,1,1,1,49,9,14,1,1
335217,2,1,2,49,12,14,1,1
335283,1,1,1,41,13,8,7,1
335283,2,1,2,41,11,8,7,1
335552,1,2,1,57,10,11,6,1
335552,2,2,1,53,9,11,6,1
336334,1,1,1,30,9,16,1,1
336334,2,1,1,26,10,16,2,1
336343,1,2,2,39,3,9,1,1
336343,2,2,2,40,11,9,2,1
337413,1,1,1,38,10,3,6,0
337413,2,1,1,38,9,3,7,0
337894,1,1,2,34,13,16,1,1
337894,2,1,2,33,12,16,1,1
338415,1,1,1,63,9,15,1,1
338415,2,1,1,56,9,15,1,1
338450,1,1,1,64,12,13,1,1
338450,2,1,2,63,10,13,5,1
338601,1,1,1,61,13,17,1,1
338601,2,1,1,60,10,17,1,1
339497,1,1,2,47,12,16,1,1
339497,2,1,1,44,9,16,4,1
339515,1,2,1,39,10,11,1,1
339515,2,2,1,31,11,11,7,1
339532,1,1,2,44,11,11,7,1
339532,2,1,1,42,11,11,6,1
339848,1,1,1,49,11,8,1,1
339848,2,1,2,45,10,8,1,1
340682,1,1,1,53,9,15,1,1
340682,2,1,1,53,10,15,1,1
340789,1,1,1,43,10,14,1,1
340789,2,1,1,40,12,14,1,1
340945,1,1,1,30,10,8,1,1
340945,2,1,1,26,12,8,7,1
340956,1,1,1,59,12,17,5,1
340956,2,1,4,56,13,17,5,1
341242,1,1,2,59,12,11,1,1
341242,2,1,1,58,11,11,2,1
341600,1,1,1,53,11,10,2,1
341600,2,1,1,54,9,10,7,1
342086,1,1,1,48,14,17,2,1
342086,2,1,2,50,14,17,2,1
342277,1,1,1,54,9,7,6,1
342277,2,1,1,51,9,7,6,1
342355,1,1,1,52,9,13,1,1
342355,2,1,1,50,10,13,1,1
342711,1,1,5,44,12,18,1,1
342711,2,1,2,42,12,18,1,1
342763,1,1,1,42,14,19,1,1
342763,2,1,1,45,14,19,7,1
343342,1,1,2,40,10,16,1,1
343342,2,1,2,42,11,16,1,1
343565,1,1,1,33,11,9,3,1
343565,2,1,2,32,10,9,1,1
343678,1,1,1,53,9,11,1,0
343678,2,1,1,61,9,11,1,0
343778,1,1,1,51,12,17,1,1
343778,2,1,1,44,14,17,1,1
343951,1,2,3,52,13,17,2,1
343951,2,2,2,45,12,17,1,1
343994,1,1,1,42,9,18,2,1
343994,2,1,1,36,12,18,2,1
344111,1,1,2,48,10,14,2,1
344111,2,1,2,50,13,14,1,1
344315,1,1,1,63,9,4,5,1
344315,2,1,1,60,7,4,5,1
344367,1,1,1,50,9,7,5,1
344367,2,1,1,55,11,7,1,1
344529,1,1,1,37,10,15,7,1
344529,2,1,1,34,10,15,1,1
344532,1,1,2,54,12,13,1,1
344532,2,1,1,48,10,13,1,1
344612,1,1,1,50,5,1,7,1
344612,2,1,1,52,10,1,4,1
344911,1,1,2,52,9,12,1,1
344911,2,1,2,52,14,12,2,1
345214,1,1,1,53,12,15,2,1
345214,2,1,2,56,13,15,4,1
345482,1,1,2,64,9,12,5,1
345482,2,1,2,64,9,12,5,1
345558,1,1,1,43,13,17,4,1
345558,2,1,1,33,12,17,1,1
345762,1,1,1,63,9,14,1,1
345762,2,1,1,61,9,14,5,1
345776,1,1,1,57,8,19,1,1
345776,2,1,1,58,13,19,4,1
345906,1,1,1,59,11,17,1,1
345906,2,1,2,60,12,17,1,1
345935,1,2,1,29,9,10,1,1
345935,2,2,1,25,10,10,1,1
346086,1,1,1,48,12,16,2,1
346086,2,1,2,46,12,16,2,1
346210,1,1,1,40,9,10,1,0
346210,2,1,1,45,9,10,3,0
346533,1,1,2,34,12,14,1,1
346533,2,1,1,30,13,14,1,1
346562,1,1,1,48,12,15,1,1
346562,2,1,1,43,11,15,7,1
346590,1,1,2,32,10,13,1,1
346590,2,1,1,33,12,13,1,1
346655,1,1,1,47,9,13,1,1
346655,2,1,1,46,9,13,1,1
346763,1,1,2,44,12,9,1,1
346763,2,1,1,42,11,9,3,1
347610,1,1,4,43,14,16,1,1
347610,2,1,1,41,10,16,1,1
347736,1,1,1,58,14,16,5,1
347736,2,1,1,57,13,16,5,1
347996,1,1,1,32,13,15,1,1
347996,2,1,1,32,12,15,7,1
348035,1,1,1,40,13,12,7,1
348035,2,1,1,38,12,12,1,1
349270,1,1,1,22,7,8,1,0
349270,2,1,1,22,9,8,1,0
350026,1,1,2,37,13,13,3,1
350026,2,1,1,37,10,13,2,1
350471,1,1,1,40,10,12,1,1
350471,2,1,1,30,9,12,7,1
350948,1,1,3,34,8,7,2,1
350948,2,1,2,41,10,7,7,1
351023,1,1,1,46,8,13,6,1
351023,2,1,2,51,12,13,1,1
351435,1,1,2,30,10,11,1,1
351435,2,1,2,35,9,11,4,1
351574,1,2,1,36,7,7,6,1
351574,2,2,1,39,9,7,7,1
352051,1,1,1,41,9,12,1,1
352051,2,1,2,46,9,12,4,1
352175,1,1,2,41,9,13,1,1
352175,2,1,2,46,9,13,7,1
352184,1,1,1,59,9,15,5,1
352184,2,1,1,52,9,15,5,1
352248,1,1,1,48,10,16,1,1
352248,2,1,1,48,9,16,1,1
352277,1,2,1,35,12,14,1,1
352277,2,2,1,35,12,14,1,1
352300,1,1,1,27,13,16,1,1
352300,2,1,1,27,12,16,1,1
352473,1,1,1,54,6,3,2,1
352473,2,1,2,50,9,3,4,1
352751,1,1,1,54,12,13,1,1
352751,2,1,1,53,10,13,1,1
353008,1,1,2,51,12,18,2,1
353008,2,1,1,49,13,18,1,1
353011,1,1,1,60,12,19,1,1
353011,2,1,2,53,11,19,7,1
353044,1,1,1,45,12,15,1,1
353044,2,1,2,41,10,15,7,1
353157,1,2,2,44,12,15,1,1
353157,2,2,1,47,13,15,1,1
353303,1,1,1,50,9,12,1,0
353303,2,1,1,47,9,12,1,0
353407,1,1,1,58,12,13,1,1
353407,2,1,1,51,10,13,1,1
354040,1,1,1,33,10,13,1,1
354040,2,1,2,30,10,13,7,1
354869,1,1,1,33,12,8,1,1
354869,2,1,1,31,12,8,7,1
355556,1,1,1,47,11,8,2,0
355556,2,1,2,42,10,8,1,0
355684,1,1,1,39,11,13,1,1
355684,2,1,1,43,11,13,7,1
355747,1,1,1,55,11,14,1,0
355747,2,1,2,54,9,14,7,0
356027,1,1,1,60,12,18,1,1
356027,2,1,1,61,10,18,5,1
356184,1,1,1,35,12,16,1,1
356184,2,1,1,29,12,16,1,1
356364,1,1,1,56,14,19,1,1
356364,2,1,3,54,14,19,1,1
356383,1,1,1,41,9,14,2,1
356383,2,1,2,47,12,14,2,1
356655,1,1,1,62,10,13,1,0
356655,2,1,1,61,9,13,6,0
356827,1,1,1,62,10,10,2,1
356827,2,1,1,61,9,10,7,1
356996,1,1,1,40,6,5,6,0
356996,2,1,1,43,6,5,1,0
357137,1,1,1,50,11,14,5,1
357137,2,1,1,44,11,14,1,1
357573,1,1,1,29,9,7,1,1
357573,2,1,1,30,10,7,7,1
357736,1,1,1,61,11,13,5,1
357736,2,1,2,58,10,13,5,1
357750,1,1,3,64,10,16,1,1
357750,2,1,2,63,12,16,5,1
357755,1,1,1,34,12,17,1,1
357755,2,1,1,35,13,17,1,1
357814,1,1,1,33,12,17,1,1
357814,2,1,1,35,12,17,1,1
357979,1,1,1,30,10,6,7,1
357979,2,1,1,25,10,6,7,1
358173,1,1,1,58,4,4,6,1
358173,2,1,1,63,4,4,6,1
358300,1,1,2,38,12,18,2,1
358300,2,1,1,39,12,18,1,1
358878,1,1,1,57,10,18,2,1
358878,2,1,1,52,14,18,1,1
358994,1,1,3,59,10,11,6,1
358994,2,1,2,55,11,11,1,1
359161,1,2,1,50,9,13,1,0
359161,2,2,1,42,9,13,1,0
359312,1,1,1,36,11,8,1,1
359312,2,1,1,34,10,8,7,1
359460,1,1,1,61,8,6,6,0
359460,2,1,1,53,9,6,3,0
359593,1,1,2,56,10,15,2,1
359593,2,1,1,51,11,15,1,1
359752,1,1,2,55,14,16,1,1
359752,2,1,3,48,12,16,7,1
360119,1,1,2,41,9,3,2,0
360119,2,1,1,38,6,3,4,0
360187,1,1,1,58,10,11,1,1
360187,2,1,1,55,12,11,1,1
360436,1,1,2,40,9,15,1,1
360436,2,1,2,44,10,15,1,1
360448,1,1,2,53,9,11,5,1
360448,2,1,2,45,9,11,1,1
360688,1,1,2,55,11,14,2,1
360688,2,1,2,53,9,14,1,1
360725,1,1,2,52,9,13,7,1
360725,2,1,2,48,12,13,1,1
361207,1,1,2,54,10,15,1,1
361207,2,1,2,53,10,15,1,1
361598,1,1,2,43,12,16,1,1
361598,2,1,1,38,10,16,7,1
361774,1,1,1,40,12,18,1,1
361774,2,1,1,44,13,18,1,1
361782,1,1,1,31,9,11,1,1
361782,2,1,1,30,9,11,7,1
361806,1,2,1,26,9,6,7,1
361806,2,2,2,29,10,6,1,1
361846,1,1,1,36,12,11,1,1
361846,2,1,1,36,12,11,7,1
361868,1,1,1,40,12,16,1,1
361868,2,1,1,33,13,16,1,1
361930,1,1,1,27,12,13,1,1
361930,2,1,1,27,12,13,1,1
361947,1,1,1,36,7,11,1,1
361947,2,1,2,35,9,11,7,1
362007,1,1,1,42,13,12,1,1
362007,2,1,1,41,10,12,7,1
362029,1,1,2,34,10,15,3,1
362029,2,1,2,28,9,15,1,1
362166,1,1,1,34,14,19,1,1
362166,2,1,3,35,10,19,7,1
362175,1,1,2,44,12,15,1,1
362175,2,1,2,36,12,15,7,1
362198,1,1,2,62,12,9,5,1
362198,2,1,2,57,10,9,6,1
362224,1,1,5,27,10,13,1,1
362224,2,1,5,28,9,13,1,1
362282,1,1,3,62,11,11,4,1
362282,2,1,4,61,4,11,7,1
362356,1,1,2,41,11,15,1,1
362356,2,1,2,37,10,15,7,1
362554,1,1,1,60,9,15,1,1
362554,2,1,1,59,9,15,1,1
362559,1,1,1,43,9,4,2,1
362559,2,1,1,40,10,4,7,1
362618,1,2,4,40,9,10,7,1
362618,2,2,4,39,10,10,1,1
362653,1,1,1,48,8,13,4,1
362653,2,1,1,46,9,13,7,1
362742,1,1,2,42,10,9,1,1
362742,2,1,2,43,9,9,2,1
362805,1,1,2,49,10,14,1,1
362805,2,1,2,45,13,14,7,1
362806,1,1,1,23,10,4,4,1
362806,2,1,1,23,10,4,1,1
362827,1,1,1,26,13,13,1,1
362827,2,1,1,26,12,13,1,1
362836,1,1,1,49,12,15,1,1
362836,2,1,1,50,13,15,1,1
363015,1,2,3,47,4,1,2,1
363015,2,2,1,48,7,1,1,1
363021,1,1,1,56,8,10,1,1
363021,2,1,4,60,11,10,6,1
363034,1,1,1,37,10,15,1,1
363034,2,1,1,37,11,15,1,1
363273,1,2,2,31,7,8,4,1
363273,2,2,3,26,10,8,1,1
363351,1,1,2,25,9,13,1,1
363351,2,1,2,25,10,13,1,1
363362,1,1,1,40,11,12,1,1
363362,2,1,1,39,11,12,4,1
363662,1,1,1,28,13,10,1,1
363662,2,1,1,27,12,10,2,1
363690,1,1,1,44,13,16,1,1
363690,2,1,2,43,13,16,1,1
363691,1,1,1,63,10,14,1,0
363691,2,1,1,62,10,14,1,0
363836,1,2,1,54,10,10,1,1
363836,2,2,2,44,9,10,1,1
363852,1,1,1,29,9,8,1,1
363852,2,1,1,29,10,8,1,1
363961,1,1,1,32,12,14,1,1
363961,2,1,1,34,12,14,1,1
363979,1,1,3,34,10,16,1,1
363979,2,1,4,28,11,16,7,1
364027,1,1,2,31,9,10,4,1
364027,2,1,2,31,10,10,7,1
364084,1,1,1,45,10,16,1,1
364084,2,1,1,41,12,16,1,1
364322,1,1,1,63,9,12,2,1
364322,2,1,1,62,7,12,1,1
364389,1,1,2,58,10,13,2,1
364389,2,1,1,57,10,13,4,1
364433,1,1,2,54,9,15,2,1
364433,2,1,2,54,13,15,2,1
364597,1,1,3,58,10,4,7,1
364597,2,1,2,56,10,4,7,1
364923,1,1,1,63,13,13,5,1
364923,2,1,1,60,13,13,5,1
366168,1,1,1,63,13,19,1,1
366168,2,1,1,59,12,19,5,1
366585,1,1,1,60,12,19,5,1
366585,2,1,1,61,13,19,5,1
366748,1,1,1,28,13,11,1,1
366748,2,1,1,23,10,11,7,1
368324,1,2,1,49,6,7,6,0
368324,2,2,2,43,10,7,6,0
368460,1,1,1,41,10,16,1,1
368460,2,1,1,37,9,16,1,1
368656,1,1,1,54,9,8,4,1
368656,2,1,2,57,10,8,5,1
368702,1,2,1,29,9,14,1,1
368762,2,2,2,32,10,15,1,1
368808,1,1,1,28,14,14,1,1
368808,2,1,2,30,12,14,7,1
368809,1,1,1,30,11,13,1,1
368809,2,1,1,23,10,13,2,1
368841,1,2,2,30,10,12,3,1
368841,2,2,1,26,11,12,1,1
368900,1,1,1,34,14,15,1,1
368900,2,1,3,27,13,15,4,1
368908,1,1,1,58,10,12,4,1
368908,2,1,1,57,11,12,1,1
368968,1,1,2,38,9,13,1,1
368968,2,1,2,37,9,13,1,1
369043,1,1,1,57,10,15,1,1
369043,2,1,1,56,10,15,2,1
369135,1,1,2,47,10,14,1,1
369135,2,1,1,44,8,14,1,1
369166,1,1,2,25,10,9,7,1
369166,2,1,2,23,11,9,1,1
369298,1,1,3,48,12,17,2,1
369298,2,1,3,42,12,17,1,1
369301,1,1,1,27,12,13,1,1
369301,2,1,1,27,12,13,1,1
369438,1,1,1,38,13,16,1,1
369438,2,1,1,36,12,16,1,1
369449,1,2,1,26,10,7,1,1
369449,2,2,2,24,10,7,7,1
369456,1,1,1,47,12,19,1,1
369456,2,1,1,39,12,19,1,1
369610,1,1,1,50,6,7,6,1
369610,2,1,1,47,10,7,4,1
369645,1,1,2,32,8,18,1,1
369645,2,1,5,31,10,18,7,1
369664,1,1,1,34,9,11,1,1
369664,2,1,2,30,12,11,1,1
369698,1,1,1,49,12,16,1,1
369698,2,1,1,47,13,16,1,1
369699,1,2,2,37,10,9,1,1
369699,2,2,2,40,10,9,1,1
369792,1,1,1,23,8,9,1,0
369792,2,1,1,21,10,9,1,0
369920,1,1,1,38,10,15,1,1
369920,2,1,1,29,12,15,7,1
370005,1,1,1,47,13,13,1,1
370005,2,1,1,39,12,13,4,1
370084,1,1,1,26,10,16,1,1
370084,2,1,1,30,12,16,1,1
370141,1,1,1,35,8,12,1,1
370141,2,1,1,40,10,12,7,1
370255,1,1,1,45,10,16,2,1
370255,2,1,1,48,9,16,2,1
370294,1,1,1,24,9,8,1,1
370294,2,1,2,22,9,8,4,1
370410,1,1,2,51,9,6,2,0
370410,2,1,2,49,12,6,4,0
370453,1,1,1,22,12,17,1,1
370453,2,1,1,23,10,17,7,1
370508,1,1,1,55,10,16,1,1
370508,2,1,4,53,10,16,1,1
370745,1,1,2,58,9,16,1,1
370745,2,1,1,58,9,16,1,1
370804,1,1,1,54,9,11,4,1
370804,2,1,1,54,8,11,7,1
370881,1,1,1,25,10,6,1,1
370881,2,1,1,23,9,6,7,1
370890,1,1,1,58,12,12,4,1
370890,2,1,1,55,10,12,4,1
370905,1,1,1,41,11,13,1,1
370905,2,1,1,31,12,13,6,1
370969,1,1,4,49,10,19,1,1
370969,2,1,4,49,12,19,1,1
371021,1,1,1,59,12,18,1,1
371021,2,1,1,58,12,18,1,1
371510,1,1,1,55,9,16,2,1
371510,2,1,1,54,9,16,2,1
371614,1,1,1,51,9,14,1,1
371614,2,1,1,47,11,14,1,1
371949,1,1,2,40,9,14,1,1
371949,2,1,1,36,10,14,1,1
372034,1,2,2,34,9,14,1,1
372034,2,2,1,33,11,14,1,1
372345,1,1,4,40,9,14,1,0
372345,2,1,4,37,6,14,7,0
372465,1,1,1,32,10,13,1,0
372465,2,1,1,25,11,13,1,0
373121,1,1,1,42,13,14,1,1
373121,2,1,1,42,12,14,7,1
373805,1,1,1,26,9,2,4,1
373805,2,1,1,23,12,2,1,1
373828,1,1,1,60,7,16,1,0
373828,2,1,1,60,5,16,6,0
373862,1,1,1,62,10,10,6,1
373862,2,1,1,61,10,10,1,1
373884,1,1,3,34,9,13,1,1
373884,2,1,4,33,10,13,1,1
373926,1,1,1,40,10,14,1,1
373926,2,1,1,40,9,14,7,1
373955,1,1,1,28,10,15,1,1
373955,2,1,1,30,10,15,1,1
374154,1,1,1,42,10,19,1,1
374154,2,1,1,32,12,19,1,1
374173,1,1,1,58,10,11,2,1
374173,2,1,1,54,10,11,1,1
374261,1,1,2,26,12,14,1,1
374261,2,1,2,26,10,14,7,1
374262,1,1,1,63,7,11,6,1
374262,2,1,1,62,8,11,1,1
374264,1,2,2,32,11,14,1,1
374264,2,2,1,30,11,14,1,1
374364,1,1,1,61,10,12,1,1
374364,2,1,1,59,10,12,1,1
374374,1,1,1,35,12,10,1,1
374374,2,1,3,29,10,10,7,1
374740,1,2,2,19,6,2,2,1
374740,2,2,2,20,9,2,4,1
374838,1,1,2,29,9,7,4,1
374838,2,1,2,26,10,7,1,1
374988,1,1,3,57,9,12,4,1
374988,2,1,2,53,9,12,1,1
375045,1,1,1,23,5,3,3,0
375045,2,1,1,28,9,3,7,0
375132,1,1,2,36,14,15,1,1
375132,2,1,1,39,13,15,7,1
375154,1,1,2,40,13,17,1,1
375154,2,1,2,39,13,17,7,1
375175,1,2,3,61,9,8,5,1
375175,2,2,3,53,11,8,6,1
375196,1,1,2,33,10,11,1,1
375196,2,1,2,30,10,11,1,1
375222,1,1,2,63,10,12,2,1
375222,2,1,2,63,11,12,1,1
375333,1,1,2,40,12,13,1,1
375333,2,1,2,41,10,13,1,1
375344,1,1,1,33,10,11,1,1
375344,2,1,1,34,10,11,2,1
375364,1,1,1,30,13,12,1,1
375364,2,1,1,28,13,12,1,1
375390,1,1,2,55,9,16,1,1
375390,2,1,2,51,11,16,1,1
375423,1,1,1,36,7,8,4,0
375423,2,1,1,36,10,8,1,0
375429,1,1,1,47,4,14,1,1
375429,2,1,1,43,8,14,7,1
375471,1,1,1,30,10,14,1,1
375471,2,1,1,28,12,14,1,1
375545,1,1,1,39,9,14,1,1
375545,2,1,1,39,12,14,1,1
375570,1,1,1,32,12,16,1,1
375570,2,1,1,32,12,16,1,1
375704,1,1,1,53,10,11,1,1
375704,2,1,1,59,10,11,6,1
375733,1,2,1,30,13,17,1,1
375733,2,2,1,29,13,17,1,1
375800,1,1,1,35,10,9,1,1
375800,2,1,1,28,9,9,7,1
375815,1,1,2,36,12,13,2,1
375815,2,1,1,30,12,13,1,1
375842,1,1,2,42,9,12,6,1
375842,2,1,3,42,10,12,7,1
375902,1,2,1,47,5,10,6,0
375902,2,2,1,43,10,10,6,0
375934,1,1,1,47,13,8,1,1
375934,2,1,1,41,11,8,1,1
375945,1,1,1,28,9,11,1,1
375945,2,1,1,27,9,11,1,1
376015,1,1,2,51,9,11,1,1
376015,2,1,1,47,9,11,1,1
376043,1,1,1,43,12,15,2,1
376043,2,1,1,42,12,15,2,1
376234,1,1,1,33,9,6,1,1
376234,2,1,1,35,9,6,4,1
376305,1,1,1,42,9,12,1,1
376305,2,1,1,40,12,12,4,1
376350,1,1,3,47,9,11,6,1
376350,2,1,2,46,10,11,1,1
376351,1,2,1,55,9,16,2,1
376351,2,2,1,49,10,16,1,1
376365,1,1,1,46,9,14,1,1
376365,2,1,1,45,11,14,2,1
376484,1,1,2,48,14,16,1,1
376484,2,1,2,46,12,16,6,1
376551,1,2,1,21,10,13,1,1
376551,2,2,1,24,12,13,1,1
376575,1,1,1,47,14,16,1,1
376575,2,1,1,47,11,16,1,1
376628,1,2,2,54,5,8,1,1
376628,2,2,1,55,9,8,2,1
376638,1,1,1,43,11,13,1,1
376638,2,1,1,41,11,13,1,1
376812,1,1,1,40,12,16,1,1
376812,2,1,1,40,11,16,1,1
377063,1,1,2,58,12,9,1,1
377063,2,1,2,57,10,9,1,1
377068,1,1,1,61,10,13,1,1
377068,2,1,1,61,9,13,5,1
377131,1,1,1,26,12,15,1,1
377131,2,1,4,23,9,15,1,1
377307,1,1,1,44,9,13,1,1
377307,2,1,1,43,12,13,1,1
377330,1,1,2,31,9,6,4,1
377330,2,1,2,29,10,6,4,1
377408,1,2,2,62,12,10,5,1
377408,2,2,1,59,13,10,6,1
377480,1,1,2,45,9,16,1,0
377480,2,1,2,46,10,16,4,0
377515,1,1,1,42,12,16,1,1
377515,2,1,2,42,12,16,1,1
377777,1,1,1,56,4,7,6,0
377777,2,1,4,51,9,7,1,0
377936,1,1,2,33,11,9,3,1
377936,2,1,2,26,10,9,1,1
377963,1,1,1,28,12,15,1,1
377963,2,1,1,31,13,15,7,1
378187,1,2,1,58,9,11,1,0
378187,2,2,1,48,10,11,4,0
378205,1,2,1,31,9,10,3,1
378205,2,2,2,36,8,10,4,1
378365,1,2,3,30,10,15,1,0
378365,2,2,5,29,12,15,1,0
378373,1,1,1,42,11,1,6,1
378373,2,1,2,40,10,1,7,1
378381,1,1,1,61,10,9,1,1
378381,2,1,2,60,10,9,5,1
378405,1,1,2,44,11,12,1,1
378405,2,1,1,41,9,12,7,1
378482,1,1,1,27,10,5,1,1
378482,2,1,1,25,12,5,7,1
378509,1,2,1,40,9,15,1,1
378509,2,2,1,30,10,15,1,1
378515,1,1,1,56,8,7,6,1
378515,2,1,1,59,8,7,6,1
378543,1,1,1,25,12,7,2,1
378543,2,1,1,27,11,7,4,1
378796,1,1,1,56,12,14,6,1
378796,2,1,1,55,12,14,5,1
378826,1,1,1,33,14,14,1,1
378826,2,1,1,32,14,14,1,1
378985,1,2,2,31,5,7,1,1
378985,2,2,2,28,10,7,1,1
378989,1,1,1,53,9,14,5,1
378989,2,1,1,49,9,14,1,1
379175,1,1,2,46,12,11,1,1
379175,2,1,2,44,10,11,1,1
379222,1,1,1,56,9,11,1,1
379222,2,1,2,56,10,11,6,1
379291,1,1,1,37,12,12,1,1
379291,2,1,1,38,11,12,2,1
379339,1,1,1,32,9,11,1,1
379339,2,1,1,32,9,11,1,1
379709,1,2,1,46,9,17,1,1
379709,2,2,2,43,7,17,1,1
379716,1,1,1,33,12,13,1,1
379716,2,1,1,30,11,13,7,1
379959,1,1,1,60,13,15,5,1
379959,2,1,1,61,13,15,5,1
379984,1,2,1,48,10,12,2,1
379984,2,2,1,58,13,12,5,1
380018,1,1,1,54,9,7,3,1
380018,2,1,1,52,10,7,1,1
380095,1,1,4,60,12,14,5,1
380095,2,1,3,59,12,14,5,1
380196,1,1,2,49,10,14,6,0
380196,2,1,1,49,11,14,1,0
380272,1,2,2,59,12,10,7,1
380272,2,2,5,53,10,10,4,1
380319,1,1,1,29,12,16,1,1
380319,2,1,2,31,12,16,1,1
380335,1,1,1,55,9,10,1,0
380335,2,1,3,54,9,10,2,0
380923,1,2,2,24,11,14,2,1
380923,2,2,2,24,11,14,1,1
381179,1,2,1,22,10,6,1,1
381179,2,2,1,20,10,6,4,1
381848,1,2,1,52,9,17,2,1
381848,2,2,2,48,12,17,2,1
382404,1,2,2,39,10,11,1,1
382404,2,2,1,37,10,11,1,1
382662,1,2,2,38,11,13,2,1
382662,2,2,2,37,12,13,1,1
382879,1,2,3,28,9,7,1,0
382879,2,2,1,26,9,7,1,0
384192,1,2,1,29,12,16,2,1
384192,2,2,1,29,12,16,1,1
384516,1,2,4,36,12,19,3,1
384516,2,2,2,38,12,19,1,1
384597,1,2,1,26,12,16,1,1
384597,2,2,1,30,12,16,1,1
384939,1,2,4,34,10,11,1,1
384939,2,2,1,30,11,11,1,1
384996,1,2,1,28,10,7,1,0
384996,2,2,1,26,9,7,4,0
385076,1,2,2,27,13,6,4,1
385076,2,2,2,27,13,6,1,1
385345,1,2,2,44,10,3,4,0
385345,2,2,4,37,9,3,1,0
385428,1,2,1,25,12,12,2,1
385428,2,2,1,26,11,12,2,1
385508,1,2,1,48,9,9,4,1
385508,2,2,1,52,10,9,4,1
385654,1,2,1,24,10,8,1,1
385654,2,2,2,20,9,8,4,1
385907,1,2,1,47,7,10,1,1
385907,2,2,2,46,10,10,1,1
385988,1,2,1,27,10,13,1,1
385988,2,2,1,27,10,13,1,1
386003,1,2,2,48,9,6,1,0
386003,2,2,2,44,9,6,7,0
386464,1,2,1,30,9,9,6,1
386464,2,2,1,37,9,9,6,1
386474,1,2,1,27,10,6,4,1
386474,2,2,1,24,11,6,1,1
1000006,1,2,1,24,12,11,1,1
1000006,2,2,2,23,12,11,1,1
1000009,1,2,2,31,7,10,7,1
1000009,2,2,2,30,12,10,1,1
1000011,1,2,1,55,9,14,1,1
1000011,2,2,1,36,12,14,1,1
1000016,1,2,2,36,9,11,2,1
1000016,2,2,2,36,9,4,6,1
1000018,1,2,4,36,11,15,1,1
1000018,2,2,2,29,13,15,2,1
1000021,1,2,2,22,10,16,4,1
1000021,2,2,2,21,10,16,4,1
1000023,1,2,2,22,10,3,1,1
1000023,2,2,1,24,10,3,1,1
1000027,1,2,2,36,7,6,2,1
1000027,2,2,3,24,9,5,4,1
1000028,1,2,1,23,10,15,1,1
1000028,2,2,1,24,10,12,4,1
1000031,1,2,2,37,10,8,2,1
1000031,2,2,2,31,9,8,1,1
1000034,1,2,2,23,10,17,1,1
1000034,2,2,2,21,10,17,1,1
1000036,1,2,1,46,11,13,2,1
1000036,2,2,1,52,10,12,2,1
1000037,1,2,2,23,10,9,1,1
1000037,2,2,2,23,10,99,1,1
1000041,1,2,2,23,9,11,3,1
1000041,2,2,1,21,9,12,1,1
1000042,1,2,3,21,10,2,1,1
1000042,2,2,2,20,10,2,1,1
1000046,1,2,1,44,10,12,1,1
1000046,2,2,1,45,10,12,1,1
1000047,1,2,1,29,9,10,2,1
1000047,2,2,1,27,10,7,2,1
1000049,1,2,2,56,10,7,1,1
1000049,2,2,1,50,11,7,4,1
1000054,1,2,2,20,10,6,1,1
1000054,2,2,2,19,7,6,4,1
1000056,1,2,4,52,9,16,1,1
1000056,2,2,2,47,12,16,1,1
1000060,1,2,2,45,9,11,1,1
1000060,2,2,4,49,10,11,1,1
1000076,1,2,1,54,9,16,1,1
1000076,2,2,2,53,10,17,1,1
1000078,1,2,1,26,12,16,1,1
1000078,2,2,1,25,12,16,1,1
1000080,1,2,1,27,9,3,6,1
1000080,2,2,1,23,10,3,6,1
1000092,1,2,2,58,9,15,1,1
1000092,2,2,2,50,10,15,4,1
1000093,1,2,1,58,10,99,1,1
1000093,2,2,1,58,10,9,6,1
1000099,1,2,1,25,11,8,1,1
1000099,2,2,1,23,12,8,1,1
1000101,1,2,2,46,9,14,6,1
1000101,2,2,2,31,12,14,1,1
1000105,1,2,2,20,9,12,1,1
1000105,2,2,2,19,10,15,4,1
1000106,1,2,2,37,12,11,1,1
1000106,2,2,2,37,9,11,1,1
1000112,1,2,2,24,12,11,4,1
1000112,2,2,2,23,12,11,1,1
1000117,1,2,1,48,9,8,2,1
1000117,2,2,3,44,10,9,7,1
1000119,1,2,1,41,12,17,1,1
1000119,2,2,1,38,14,17,1,1
1000121,1,2,3,49,9,6,6,1
1000121,2,2,2,47,9,7,6,1
1000122,1,2,1,28,13,14,1,1
1000122,2,2,1,24,12,14,1,1
1000132,1,2,2,21,5,99,1,1
1000132,2,2,4,21,9,2,4,1
1000136,1,2,1,29,12,12,1,1
1000136,2,2,2,26,10,12,7,1
1000139,1,2,2,28,10,13,4,1
1000139,2,2,2,29,10,13,1,1
1000141,1,2,1,33,11,16,1,1
1000141,2,2,1,28,9,15,1,1
1000142,1,2,2,51,9,7,2,1
1000142,2,2,1,52,12,7,4,1
1000157,1,2,1,29,11,8,1,1
1000157,2,2,1,25,11,8,7,1
1000158,1,2,2,29,12,7,1,1
1000158,2,2,1,26,13,7,7,1
1000165,1,2,1,31,11,13,1,1
1000165,2,2,1,30,12,14,1,1
1000168,1,2,2,58,7,8,2,1
1000168,2,2,2,54,9,8,1,1
1000169,1,2,1,21,10,99,2,1
1000169,2,2,1,19,10,9,4,1
1000170,1,2,2,59,12,99,4,1
1000170,2,2,4,61,10,11,1,1
1000171,1,2,1,49,10,14,1,1
1000171,2,2,1,48,11,14,1,1
1000187,1,2,2,23,9,10,1,1
1000187,2,2,2,24,9,9,2,1
1000188,1,2,1,42,11,10,1,1
1000188,2,2,1,43,9,9,2,1
1000195,1,2,2,50,12,5,1,1
1000195,2,2,3,45,9,4,6,1
1000200,1,2,1,24,10,10,1,1
1000200,2,2,1,23,12,10,1,1
1000205,1,2,2,54,9,4,6,1
1000205,2,2,1,52,10,4,6,1
1000206,1,2,1,23,7,1,4,1
1000206,2,2,1,33,10,1,7,1
1000210,1,2,4,34,13,11,1,1
1000210,2,2,2,29,11,11,1,1
1000211,1,2,2,47,12,12,4,0
1000211,2,2,2,25,12,12,1,0
1000219,1,2,1,38,9,1,1,1
1000219,2,2,1,37,9,1,1,1
1000222,1,2,1,28,9,15,1,1
1000222,2,2,2,28,12,15,1,1
1000223,1,2,2,21,10,12,2,1
1000223,2,2,2,20,9,99,4,1
1000226,1,2,1,62,9,10,1,1
1000226,2,2,1,53,10,10,1,1
1000234,1,2,2,55,14,16,1,1
1000234,2,2,2,55,9,13,1,1
1000237,1,2,2,37,12,9,1,1
1000237,2,2,2,26,12,8,1,1
1000239,1,2,1,42,9,15,1,1
1000239,2,2,2,34,12,17,3,1
1000244,1,2,2,49,11,13,2,1
1000244,2,2,2,49,11,13,1,1
1000248,1,2,2,33,12,13,1,1
1000248,2,2,1,32,11,13,1,1
1000249,1,2,1,27,12,16,1,1
1000249,2,2,1,24,12,15,1,1
1000250,1,2,2,34,9,9,4,1
1000250,2,2,2,44,10,9,7,1
1000251,1,2,2,41,9,15,1,1
1000251,2,2,2,41,10,15,1,1
1000253,1,2,1,26,11,99,3,1
1000253,2,2,1,43,13,1,1,1
1000259,1,2,1,30,13,9,2,1
1000259,2,2,2,24,12,8,1,1
1000262,1,2,1,31,10,12,1,1
1000262,2,2,1,24,10,12,1,1
1000263,1,2,1,22,12,17,1,1
1000263,2,2,1,21,11,17,1,1
1000264,1,2,1,37,9,8,2,0
1000264,2,2,1,20,9,8,1,0
1000266,1,2,1,57,9,14,1,1
1000266,2,2,1,53,10,14,1,1
1000268,1,2,1,44,9,11,1,1
1000268,2,2,1,49,10,11,1,1
1000271,1,2,1,21,10,4,1,1
1000271,2,2,1,20,10,4,1,1
1000272,1,2,1,35,11,11,1,1
1000272,2,2,1,25,9,11,7,1
1000275,1,2,1,30,11,7,1,1
1000275,2,2,1,23,10,7,7,1
1000276,1,2,2,19,9,7,4,1
1000276,2,2,2,21,10,6,6,1
1000277,1,2,2,36,9,2,3,1
1000277,2,2,1,29,11,2,7,1
1000278,1,2,1,27,11,7,1,1
1000278,2,2,1,25,11,7,1,1
1000282,1,2,1,53,12,11,1,1
1000282,2,2,1,56,12,11,5,0
1000283,1,2,1,20,10,14,4,1
1000283,2,2,1,19,12,14,1,1
1000289,1,2,2,23,10,7,1,1
1000289,2,2,2,20,10,7,3,1
1000292,1,2,1,23,9,11,1,0
1000292,2,2,2,20,10,11,4,0
1000293,1,2,2,41,13,12,1,1
1000293,2,2,1,39,13,17,1,1
1000297,1,2,1,24,12,13,1,1
1000297,2,2,1,24,12,13,1,1
1000300,1,2,2,24,10,7,1,1
1000300,2,2,1,21,10,4,1,1
1000302,1,2,1,22,9,11,1,1
1000302,2,2,1,20,9,11,7,1
1000303,1,2,1,21,9,1,4,1
1000303,2,2,2,18,9,2,3,1
1000304,1,2,1,25,12,13,1,1
1000304,2,2,1,40,10,13,1,1
1000307,1,2,2,26,9,99,1,1
1000307,2,2,1,23,10,99,1,1
1000308,1,2,1,51,11,8,2,1
1000308,2,2,2,39,12,8,2,1
1000312,1,2,2,49,10,5,1,1
1000312,2,2,4,32,10,6,1,1
1000314,1,2,1,27,10,14,1,1
1000314,2,2,2,27,12,14,1,1
1000315,1,2,2,24,10,13,1,1
1000315,2,2,2,23,9,13,4,1
1000316,1,2,2,37,13,12,1,1
1000316,2,2,3,35,11,11,1,1
1000319,1,2,2,29,12,16,1,1
1000319,2,2,2,28,13,16,1,1
1000324,1,2,2,56,10,13,1,1
1000324,2,2,2,54,10,13,6,1
1000327,1,2,3,39,12,13,4,1
1000327,2,2,2,29,9,12,1,1
1000329,1,2,1,28,11,6,2,1
1000329,2,2,1,25,10,8,7,1
1000331,1,2,2,37,10,7,2,1
1000331,2,2,1,21,10,7,1,1
1000332,1,2,2,38,9,1,4,1
1000332,2,2,2,41,10,6,1,1
1000333,1,2,1,45,10,15,2,1
1000333,2,2,1,44,12,15,1,1
1000335,1,2,1,33,9,7,4,0
1000335,2,2,1,32,11,7,1,0
1000340,1,2,1,50,10,14,2,1
1000340,2,2,1,47,11,13,1,1
1000343,1,2,2,23,10,10,1,1
1000343,2,2,2,21,10,10,1,1
1000346,1,2,2,29,12,6,7,1
1000346,2,2,1,27,13,6,1,1
1000349,1,2,2,37,11,10,1,1
1000349,2,2,2,35,10,10,6,1
1000351,1,2,1,36,12,13,2,1
1000351,2,2,1,42,10,13,1,1
1000353,1,2,1,21,10,15,4,1
1000353,2,2,2,21,10,15,1,1
1000355,1,2,1,23,10,8,1,1
1000355,2,2,1,21,10,8,1,1
1000363,1,2,4,47,6,12,2,1
1000363,2,2,4,49,9,9,4,1
1000368,1,2,1,22,12,13,1,1
1000368,2,2,1,22,12,13,1,1
1000369,1,2,1,50,11,11,1,1
1000369,2,2,1,42,10,4,1,1
1000371,1,2,1,30,5,1,7,1
1000371,2,2,1,35,5,9,1,1
1000378,1,2,2,26,5,6,2,1
1000378,2,2,3,26,9,6,7,1
1000389,1,2,1,25,9,10,2,1
1000389,2,2,1,32,11,10,1,1
1000397,1,2,1,20,8,16,4,1
1000397,2,2,1,19,9,16,4,1
1000402,1,2,1,54,10,13,3,1
1000402,2,2,1,28,10,13,1,1
1000410,1,2,1,26,10,4,4,1
1000410,2,2,1,27,10,4,1,1
1000414,1,2,1,47,10,11,2,1
1000414,2,2,1,25,12,11,1,1
1000416,1,2,1,54,14,17,1,1
1000416,2,2,1,41,13,17,1,1
1000427,1,2,1,27,9,9,1,1
1000427,2,2,1,20,9,9,4,1
1000428,1,2,1,23,10,11,1,1
1000428,2,2,2,22,10,11,1,1
1000435,1,2,2,20,10,10,4,1
1000435,2,2,2,21,10,10,1,1
1000436,1,2,2,32,10,11,1,1
1000436,2,2,2,29,13,11,1,1
1000439,1,2,2,28,14,13,1,1
1000439,2,2,1,25,10,13,7,1
1000442,1,2,1,36,6,9,1,1
1000442,2,2,2,43,9,9,7,1
1000445,1,2,1,23,9,1,7,1
1000445,2,2,2,21,5,1,7,1
1000446,1,2,4,59,10,13,5,1
1000446,2,2,3,61,11,13,5,1
1000451,1,2,1,37,10,12,4,1
1000451,2,2,1,33,11,12,1,1
1000462,1,2,1,22,12,9,1,1
1000462,2,2,1,22,12,9,1,1
1000475,1,2,4,29,9,13,1,1
1000475,2,2,2,24,12,13,1,1
1000479,1,2,1,31,9,8,3,1
1000479,2,2,2,24,10,8,1,1
1000484,1,2,2,56,9,14,1,1
1000484,2,2,1,46,10,14,4,1
1000486,1,2,1,31,9,12,1,1
1000486,2,2,1,30,11,12,1,1
1000487,1,2,1,53,12,8,1,1
1000487,2,2,2,55,9,3,6,1
1000488,1,2,2,53,12,12,1,1
1000488,2,2,2,51,12,12,1,1
1000490,1,2,2,56,9,8,1,1
1000490,2,2,5,44,11,7,7,1
1000493,1,2,2,22,10,11,1,1
1000493,2,2,2,23,11,11,1,1
1000496,1,2,2,58,9,11,1,1
1000496,2,2,2,57,10,11,6,1
1000499,1,2,1,22,11,15,1,1
1000499,2,2,1,23,11,15,1,1
1000502,1,2,2,26,5,13,1,1
1000502,2,2,2,24,9,14,4,1
1000503,1,2,2,48,12,5,4,1
1000503,2,2,2,42,11,8,1,1
1000505,1,2,2,30,14,13,1,1
1000505,2,2,4,30,14,13,1,1
1000527,1,2,2,21,10,4,1,1
1000527,2,2,1,20,10,99,1,1
1000528,1,2,2,48,14,19,1,1
1000528,2,2,2,48,11,1,6,1
1000530,1,2,1,51,12,8,2,1
1000530,2,2,2,21,9,6,4,1
1000531,1,2,2,40,13,19,1,1
1000531,2,2,2,38,12,19,1,1
1000534,1,2,1,27,11,15,1,1
1000534,2,2,1,26,10,15,1,1
1000535,1,2,1,19,9,13,1,1
1000535,2,2,1,20,10,13,1,1
1000540,1,2,2,24,10,14,1,1
1000540,2,2,2,25,12,14,1,1
1000541,1,2,2,33,13,15,2,1
1000541,2,2,2,27,12,15,1,1
1000546,1,2,1,64,11,15,1,1
1000546,2,2,1,59,10,15,1,1
1000547,1,2,1,45,9,16,1,1
1000547,2,2,1,39,11,16,1,1
1000549,1,2,2,41,9,13,2,1
1000549,2,2,4,53,10,13,1,1
1000552,1,2,3,56,11,6,6,1
1000552,2,2,2,51,11,6,7,1
1000554,1,2,2,20,10,1,1,1
1000554,2,2,2,19,10,1,1,1
1000555,1,2,4,46,11,13,1,1
1000555,2,2,3,43,11,13,1,1
1000556,1,2,4,47,10,11,6,1
1000556,2,2,4,34,11,11,1,1
1000568,1,2,2,44,5,13,6,1
1000568,2,2,2,60,12,13,6,1
1000571,1,2,1,50,12,13,4,1
1000571,2,2,1,63,9,13,1,1
1000572,1,2,1,37,10,1,1,1
1000572,2,2,2,26,10,1,7,1
1000582,1,2,3,33,10,99,1,1
1000582,2,2,4,25,10,11,1,1
1000588,1,2,1,30,13,17,1,1
1000588,2,2,1,25,12,17,1,1
1000589,1,2,1,30,10,16,1,1
1000589,2,2,1,36,10,15,1,1
1000595,1,2,1,54,12,10,2,1
1000595,2,2,1,62,11,9,4,1
1000596,1,2,2,38,10,13,2,1
1000596,2,2,2,50,10,13,1,1
1000601,1,2,2,49,9,13,1,1
1000601,2,2,5,53,11,13,4,1
1000614,1,2,2,44,10,10,1,1
1000614,2,2,5,40,11,11,1,1
1000619,1,2,1,38,11,12,1,1
1000619,2,2,1,39,12,12,4,1
1000620,1,2,2,27,9,9,4,1
1000620,2,2,2,24,10,9,1,1
1000626,1,2,1,52,10,15,1,1
1000626,2,2,1,52,9,15,1,1
1000628,1,2,1,42,10,13,1,1
1000628,2,2,1,37,10,13,1,1
1000632,1,2,1,53,10,11,1,1
1000632,2,2,1,54,10,6,1,1
1000633,1,2,2,61,13,19,2,1
1000633,2,2,3,60,12,99,1,1
1000634,1,2,2,48,7,3,4,1
1000634,2,2,4,26,7,99,6,1
1000635,1,2,1,43,12,12,1,1
1000635,2,2,2,49,12,12,1,1
1000640,1,2,1,57,12,9,6,1
1000640,2,2,1,55,10,13,5,1
1000645,1,2,1,55,9,10,1,1
1000645,2,2,2,55,11,7,5,1
1000646,1,2,2,56,12,9,6,1
1000646,2,2,2,59,4,9,6,1
1000652,1,2,1,44,10,11,1,1
1000652,2,2,1,42,10,11,1,1
1000672,1,2,2,60,13,17,1,1
1000672,2,2,2,53,11,17,1,1
1000673,1,2,2,44,11,13,1,1
1000673,2,2,1,42,12,13,1,1
